{
  "Camera": {
    "Position": [
      -0.5825232267379761,
      29.894044876098633,
      65.49321746826172
    ],
    "Rotation": [
      -14.896885871887207,
      -2.5783276557922363,
      0.0
    ],
    "Transform": [
      1.0,
      0.0,
      0.0,
      0.0,
      0.0,
      1.0,
      0.0,
      0.0,
      0.0,
      0.0,
      1.0,
      0.0,
      0.0,
      0.0,
      0.0,
      1.0
    ]
  },
  "Window": {
    "Height": 819,
    "OffsetX": 100,
    "OffsetY": 100,
    "Title": "Game Window",
    "Width": 1506
  }
}