{
  "Camera": {
    "Position": [
      4.266523838043213,
      13.584335327148438,
      75.87039947509766
    ],
    "Rotation": [
      -3.151252269744873,
      3.0990073680877686,
      0.0
    ],
    "Transform": [
      1.0,
      0.0,
      0.0,
      0.0,
      0.0,
      1.0,
      0.0,
      0.0,
      0.0,
      0.0,
      1.0,
      0.0,
      0.0,
      0.0,
      0.0,
      1.0
    ]
  },
  "Window": {
    "Height": 908,
    "OffsetX": 100,
    "OffsetY": 100,
    "Title": "Game Window",
    "Width": 1712
  }
}