{"Application":"Engine","Window":{"Width":1536,"Height":859,"OffsetX":100,"OffsetY":100},"Camera":{"Transform":[1.0,0.0,0.0,0.0,0.0,1.0,0.0,0.0,0.0,0.0,1.0,0.0,0.0,0.0,0.0,1.0],"Position":[0.04153730347752571,13.55397891998291,-81.69270324707031],"Rotation":[0.0,-179.71351623535156,0.0]}}