{
  "Camera": {
    "Position": [
      -0.07659292221069336,
      15.646995544433594,
      93.06302642822266
    ],
    "Rotation": [
      3.7242369651794434,
      -2.291808843612671,
      0.0
    ],
    "Transform": [
      1.0,
      0.0,
      0.0,
      0.0,
      0.0,
      1.0,
      0.0,
      0.0,
      0.0,
      0.0,
      1.0,
      0.0,
      0.0,
      0.0,
      0.0,
      1.0
    ]
  },
  "Window": {
    "Height": 908,
    "OffsetX": 100,
    "OffsetY": 100,
    "Title": "Game Window",
    "Width": 1712
  }
}