{
  "Camera": {
    "Position": [
      -2.319737434387207,
      -39.30709457397461,
      110.48291778564453
    ],
    "Rotation": [
      6.589025974273682,
      2.2918148040771484,
      0.0
    ],
    "Transform": [
      1.0,
      0.0,
      0.0,
      0.0,
      0.0,
      1.0,
      0.0,
      0.0,
      0.0,
      0.0,
      1.0,
      0.0,
      0.0,
      0.0,
      0.0,
      1.0
    ]
  },
  "Window": {
    "Height": 819,
    "OffsetX": 100,
    "OffsetY": 100,
    "Title": "Game Window",
    "Width": 1506
  }
}