{
  "Window" :{
    "Title": "Game Window",
    "Width": 1737,
    "Height": 921,
    "OffsetX": 100,
    "OffsetY": 100
  },
  "Camera":{
    "Transform": [1.0, 0.0, 0.0, 0.0, 0.0, 1.0, 0.0, 0.0, 0.0, 0.0, 1.0, 0.0, 0.0, 0.0, 0.0, 1.0],
    "Position" : [3.1611004, 14.95431, -46.42882],
    "Rotation" : [0.0, 0.0, 0.0]
  }
}