{
  "Camera": {
    "Position": [
      -4.026729583740234,
      27.207515716552734,
      88.80619049072266
    ],
    "Rotation": [
      -2.2918319702148438,
      0.0,
      0.0
    ],
    "Transform": [
      1.0,
      0.0,
      0.0,
      0.0,
      0.0,
      1.0,
      0.0,
      0.0,
      0.0,
      0.0,
      1.0,
      0.0,
      0.0,
      0.0,
      0.0,
      1.0
    ]
  },
  "Window": {
    "Height": 819,
    "OffsetX": 100,
    "OffsetY": 100,
    "Title": "Game Window",
    "Width": 1506
  }
}