{
  "Camera": {
    "Position": [
      -1.733886480331421,
      50.05073165893555,
      74.23455047607422
    ],
    "Rotation": [
      -23.204757690429688,
      -8.594362258911133,
      0.0
    ],
    "Transform": [
      1.0,
      0.0,
      0.0,
      0.0,
      0.0,
      1.0,
      0.0,
      0.0,
      0.0,
      0.0,
      1.0,
      0.0,
      0.0,
      0.0,
      0.0,
      1.0
    ]
  },
  "Window": {
    "Height": 908,
    "OffsetX": 100,
    "OffsetY": 100,
    "Title": "Game Window",
    "Width": 1712
  }
}