{
  "Camera": {
    "Position": [
      0.5620695352554321,
      15.621533393859863,
      78.17618560791016
    ],
    "Rotation": [
      0.2864989936351776,
      -4.58367919921875,
      0.0
    ],
    "Transform": [
      1.0,
      0.0,
      0.0,
      0.0,
      0.0,
      1.0,
      0.0,
      0.0,
      0.0,
      0.0,
      1.0,
      0.0,
      0.0,
      0.0,
      0.0,
      1.0
    ]
  },
  "Window": {
    "Height": 819,
    "OffsetX": 100,
    "OffsetY": 100,
    "Title": "Game Window",
    "Width": 1506
  }
}