{"Application":"Engine","Window":{"Width":1536,"Height":859,"OffsetX":100,"OffsetY":100},"Camera":{"Transform":[1.0,0.0,0.0,0.0,0.0,1.0,0.0,0.0,0.0,0.0,1.0,0.0,0.0,0.0,0.0,1.0],"Position":[-0.7952399253845215,14.313365936279297,-51.024864196777344],"Rotation":[-5.729578018188477,-183.72425842285156,0.0]}}