{
  "Camera": {
    "Position": [
      2.0494959354400635,
      7.947725772857666,
      89.663818359375
    ],
    "Rotation": [
      -6.40330199530581e-07,
      -1.4323928356170654,
      0.0
    ],
    "Transform": [
      1.0,
      0.0,
      0.0,
      0.0,
      0.0,
      1.0,
      0.0,
      0.0,
      0.0,
      0.0,
      1.0,
      0.0,
      0.0,
      0.0,
      0.0,
      1.0
    ]
  },
  "Window": {
    "Height": 908,
    "OffsetX": 100,
    "OffsetY": 100,
    "Title": "Game Window",
    "Width": 1712
  }
}