{
  "Camera": {
    "Position": [
      -74.0,
      28.0,
      105.0
    ],
    "Rotation": [
      -5.318593502044678,
      -46.74561309814453,
      0.0
    ],
    "Transform": [
      1.0,
      0.0,
      0.0,
      0.0,
      0.0,
      1.0,
      0.0,
      0.0,
      0.0,
      0.0,
      1.0,
      0.0,
      0.0,
      0.0,
      0.0,
      1.0
    ]
  },
  "Window": {
    "Height": 1053,
    "OffsetX": 100,
    "OffsetY": 100,
    "Title": "Game Window",
    "Width": 1951
  }
}