{
  "Camera": {
    "Position": [
      -0.6707997918128967,
      20.360870361328125,
      75.02863311767578
    ],
    "Rotation": [
      -4.297149181365967,
      2.864792585372925,
      0.0
    ],
    "Transform": [
      1.0,
      0.0,
      0.0,
      0.0,
      0.0,
      1.0,
      0.0,
      0.0,
      0.0,
      0.0,
      1.0,
      0.0,
      0.0,
      0.0,
      0.0,
      1.0
    ]
  },
  "Window": {
    "Height": 908,
    "OffsetX": 100,
    "OffsetY": 100,
    "Title": "Game Window",
    "Width": 1712
  }
}